{"Item_Potatoes": 0.36978810937095424, "Item_Cassava": 0.10295515076520098, "Item_Sweet potatoes": 0.0858874729091858, "pesticides_tonnes": 0.07043362400318366, "Area_India": 0.05851903456817803, "average_rain_fall_mm_per_year": 0.04410621175291729, "avg_temp": 0.04262084588497821, "Year": 0.03261720941991469, "Item_Yams": 0.027488888057009116, "Area_United Kingdom": 0.01744921597789698, "Area_Japan": 0.01612442564013343, "Item_Plantains and others": 0.014834970773626678, "Area_Canada": 0.010590386577966333, "Area_Australia": 0.010039248367458077, "Area_Mexico": 0.006091160704409168, "Area_New Zealand": 0.005998698735313551, "Area_Netherlands": 0.005743992646191738, "Area_Guatemala": 0.004938889615422804, "Area_Ecuador": 0.0044667246188048425, "Area_Switzerland": 0.004321511759397941, "Area_Denmark": 0.00414677834693493, "Area_South Africa": 0.004021120000861407, "Item_Rice, paddy": 0.003715272019163072, "Area_Belgium": 0.003674034578675599, "Area_Germany": 0.003458225455636323, "Item_Maize": 0.0028374703671854703, "Area_Suriname": 0.0027325184100545053, "Item_Soybeans": 0.002714774664166524, "Area_Egypt": 0.0027102913965342604, "Area_Sweden": 0.0020614781009114405, "Area_Austria": 0.0015162925957937212, "Area_Ireland": 0.0014717867700048863, "Area_El Salvador": 0.001425096592549407, "Area_Pakistan": 0.001362639253094723, "Area_Senegal": 0.0013060143149845025, "Area_Mauritania": 0.0012519205483278674, "Area_Cameroon": 0.0010218062354475652, "Area_Mali": 0.0010084426157902034, "Item_Wheat": 0.0009948553059150988, "Area_France": 0.0009440684967565989, "Area_Ukraine": 0.0009244322563597975, "Area_Greece": 0.0007920387573183568, "Area_Mauritius": 0.0007257120487870572, "Area_Jamaica": 0.0007246933582822216, "Area_Ghana": 0.0007108445818178186, "Area_Qatar": 0.0006493778264333513, "Area_Turkey": 0.0006490639441416977, "Area_Spain": 0.0006482503796412906, "Area_Guyana": 0.0006214774820517284, "Area_Brazil": 0.0006102821930805118, "Area_Guinea": 0.0005855012512045201, "Area_Honduras": 0.0005462065107510806, "Area_Eritrea": 0.0005448070278661921, "Area_Zimbabwe": 0.0005362523155004182, "Area_Malawi": 0.0005139932894500214, "Area_Burkina Faso": 0.000490373939269914, "Area_Haiti": 0.0004570513713323197, "Area_Burundi": 0.00045046445029603936, "Item_Sorghum": 0.0004199775917418079, "Area_Zambia": 0.00040458217109939947, "Area_Finland": 0.00039509829840908995, "Area_Peru": 0.00038815153367121593, "Area_Portugal": 0.0003476369059647868, "Area_Thailand": 0.00034702944939920947, "Area_Lesotho": 0.00033850744471515944, "Area_Croatia": 0.00032659471021326064, "Area_Indonesia": 0.00030234530084377863, "Area_Hungary": 0.0002959055025567177, "Area_Sudan": 0.00028903783836439637, "Area_Libya": 0.00028272520684399755, "Area_Dominican Republic": 0.00027278421268307377, "Area_Morocco": 0.0002486605938951782, "Area_Chile": 0.00024006657411634622, "Area_Slovenia": 0.0002346601523190441, "Area_Lebanon": 0.00023257285627943194, "Area_Bahamas": 0.000229433633647029, "Area_Mozambique": 0.00022051143464249106, "Area_Papua New Guinea": 0.00021664858230696095, "Area_Kenya": 0.00020923330930260045, "Area_Kazakhstan": 0.0002019564546195975, "Area_Tajikistan": 0.00019662942374414768, "Area_Argentina": 0.00019304946386233758, "Area_Niger": 0.0001862255104509832, "Area_Saudi Arabia": 0.0001492586518373591, "Area_Italy": 0.00014580365454679652, "Area_Bangladesh": 0.0001427580408059765, "Area_Central African Republic": 0.0001417614125832571, "Area_Nicaragua": 0.0001399802911768981, "Area_Rwanda": 0.00013049905616272617, "Area_Albania": 0.00012952605326863812, "Area_Norway": 0.00011805452758919043, "Area_Namibia": 0.0001160948031741003, "Area_Malaysia": 0.00011153595199803614, "Area_Uruguay": 0.0001098738528890875, "Area_Romania": 9.996576624587789e-05, "Area_Sri Lanka": 9.700627849902241e-05, "Area_Madagascar": 9.016377345335744e-05, "Area_Algeria": 7.966189196440375e-05, "Area_Iraq": 7.932430499478869e-05, "Area_Angola": 7.921672578081892e-05, "Area_Poland": 7.284488823497848e-05, "Area_Colombia": 6.707935420385638e-05, "Area_Uganda": 6.20141232369314e-05, "Area_Bahrain": 5.161002196496628e-05, "Area_Lithuania": 4.5963757297403376e-05, "Area_Belarus": 2.707197855690634e-05, "Area_Armenia": 2.5573564394725204e-05, "Area_Bulgaria": 1.969290849463099e-05, "Area_Azerbaijan": 1.604672196605633e-05, "Area_Tunisia": 1.4211701528152748e-05, "Area_Montenegro": 1.2430420385060224e-05, "Area_Latvia": 1.2182191224257369e-05, "Area_Nepal": 1.0281939489884777e-05, "Area_Estonia": 7.971859277114305e-06, "Area_Botswana": 3.0341765664740467e-06}