{"MAE": 3509.590939989379, "MSE": 90897654.19959716, "RMSE": 9534.026127486602, "R2": 0.987468739341303}